Date,Open,High,Low,Close,Adj Close,Volume,ADTV 10,ADTV Std 10
2010-07-01,5.0,5.184,4.054,4.392,4.392,41094000,0,0
2010-07-02,4.6,4.62,3.742,3.84,3.84,25699000,0,0
2010-07-06,4.0,4.0,3.166,3.222,3.222,34334500,0,0
2010-07-07,3.28,3.326,2.996,3.16,3.16,34608500,0,0
2010-07-08,3.228,3.504,3.114,3.492,3.492,38557000,0,0
2010-07-09,3.516,3.58,3.31,3.48,3.48,20253000,0,0
2010-07-12,3.59,3.614,3.4,3.41,3.41,11012500,0,0
2010-07-13,3.478,3.728,3.38,3.628,3.628,13400500,0,0
2010-07-14,3.588,4.03,3.552,3.968,3.968,20976000,0,0
2010-07-15,3.988,4.3,3.8,3.978,3.978,18699000,0,0
2010-07-16,4.14,4.26,4.01,4.128,4.128,13106500,23064650,9361433
2010-07-19,4.274,4.45,4.184,4.382,4.382,12432500,24044465,10089920
2010-07-20,4.37,4.37,4.01,4.06,4.06,9126500,21621646,9795481
2010-07-21,4.132,4.18,3.9,4.044,4.044,6262500,18544764,8938864
2010-07-22,4.1,4.25,4.074,4.2,4.2,4789000,14860276,5615639
2010-07-23,4.238,4.312,4.212,4.258,4.258,3268000,12793327,5625831
2010-07-26,4.3,4.3,4.06,4.19,4.19,4611000,11946482,5928233
2010-07-27,4.182,4.236,4.052,4.11,4.11,3098500,10831598,6233334
2010-07-28,4.11,4.18,4.102,4.144,4.144,2336000,8856109,5253474
2010-07-29,4.154,4.176,4.0,4.07,4.07,3080000,7096660,3877507
2010-07-30,4.04,4.088,3.91,3.988,3.988,2134500,5823516,3233826
2010-08-02,4.1,4.194,4.066,4.184,4.184,3590500,4812001,2094547
2010-08-03,4.2,4.39,4.164,4.39,4.39,6152500,4413450,1470688
2010-08-04,4.39,4.436,4.17,4.252,4.252,4565000,4203845,1262684
2010-08-05,4.308,4.31,4.01,4.09,4.09,3981000,4102084,1212099
2010-08-06,4.02,4.032,3.904,3.918,3.918,3709500,4136058,1200727
2010-08-09,3.98,3.996,3.89,3.92,3.92,4063500,4084705,1172432
2010-08-10,3.93,3.93,3.764,3.806,3.806,6406500,4410370,1405845
2010-08-11,3.738,3.776,3.57,3.58,3.58,3988000,4608137,1303562
2010-08-12,3.56,3.58,3.478,3.52,3.52,3455000,4665413,1283835
2010-08-13,3.636,3.69,3.532,3.664,3.664,3170000,4774691,1149491
2010-08-16,3.69,3.76,3.652,3.756,3.756,2429000,4669469,1272703
2010-08-17,3.792,3.88,3.756,3.83,3.83,2239500,4267646,1205649
2010-08-18,3.918,3.918,3.72,3.754,3.754,3006500,4071614,1182391
2010-08-19,3.708,3.85,3.666,3.758,3.758,2895500,3943461,1189441
2010-08-20,3.73,3.822,3.702,3.82,3.82,1480000,3707696,1332152
2010-08-23,3.818,4.078,3.8,4.026,4.026,5440500,3821819,1460765
2010-08-24,3.85,3.942,3.79,3.84,3.84,3365500,3529131,1084995
2010-08-25,3.832,3.996,3.712,3.98,3.98,2516500,3352713,1050265
2010-08-26,3.978,4.054,3.92,3.95,3.95,2169000,3206471,1059565
2010-08-27,3.95,3.974,3.9,3.94,3.94,1898000,3064647,1087516
2010-08-30,3.94,4.038,3.922,3.974,3.974,3664000,3173964,1110523
2010-08-31,3.932,3.958,3.866,3.896,3.896,1005500,3061496,1237788
2010-09-01,3.924,4.138,3.92,4.09,4.09,2474500,2997049,1233961
2010-09-02,4.074,4.248,4.062,4.212,4.212,2435500,2944604,1232467
2010-09-03,4.174,4.26,4.132,4.21,4.21,2173000,3008660,1182213
2010-09-07,4.122,4.2,4.1,4.108,4.108,1217000,2592716,839018
2010-09-08,4.132,4.19,4.12,4.18,4.18,1442000,2358771,774988
2010-09-09,4.2,4.21,4.138,4.142,4.142,1881000,2271827,756551
2010-09-10,4.15,4.186,3.952,4.034,4.034,1933000,2239532,753044
2010-09-13,4.178,4.18,4.1,4.144,4.144,1804000,2226903,754032
2010-09-14,4.108,4.32,4.106,4.224,4.224,3273500,2186590,672307
2010-09-15,4.196,4.4,4.158,4.396,4.396,3423000,2424309,716113
2010-09-16,4.43,4.632,4.168,4.188,4.188,13422500,3542880,3449599
2010-09-17,4.204,4.264,3.96,4.046,4.046,5992500,4010438,3534099
2010-09-20,4.134,4.27,4.032,4.212,4.212,4737500,4313643,3515162
2010-09-21,4.178,4.31,4.134,4.154,4.154,3980000,4620264,3402806
2010-09-22,4.174,4.19,3.96,3.974,3.974,4814500,4988176,3282886
2010-09-23,3.978,4.028,3.9,3.912,3.912,3340500,5170917,3198794
2010-09-24,3.99,4.038,3.93,4.02,4.02,2894500,5285341,3131664
2010-09-27,4.08,4.162,4.01,4.106,4.106,2093000,5325684,3107325
2010-09-28,4.208,4.298,4.152,4.28,4.28,6072500,5609618,3084138
2010-09-29,4.238,4.406,4.226,4.396,4.396,9846500,6280361,3336393
2010-09-30,4.4,4.43,4.038,4.082,4.082,10979000,6103086,2825620
2010-10-01,4.138,4.15,4.062,4.12,4.12,2988500,5784958,2909202
2010-10-04,4.086,4.234,4.06,4.198,4.198,3218000,5601195,2960791
2010-10-05,4.23,4.256,4.202,4.224,4.224,1660000,5350819,3116663
2010-10-06,4.212,4.252,4.064,4.092,4.092,1567000,5001031,3258814
2010-10-07,4.114,4.128,4.068,4.086,4.086,705000,4702503,3435406
2010-10-08,4.086,4.158,4.078,4.086,4.086,1339000,4517100,3521036
2010-10-11,4.088,4.14,4.014,4.048,4.048,856000,4374860,3605787
2010-10-12,4.04,4.056,4.006,4.048,4.048,1220000,3875386,3608645
2010-10-13,4.128,4.17,4.072,4.108,4.108,1591000,2999888,2921244
2010-10-14,4.2,4.206,4.08,4.15,4.15,1474000,1961838,836376
2010-10-15,4.178,4.18,4.05,4.108,4.108,1423500,1701533,673208
2010-10-18,4.104,4.128,4.044,4.046,4.046,814000,1435103,374648
2010-10-19,4.04,4.082,4.0,4.01,4.01,1226000,1365060,338623
2010-10-20,4.032,4.138,4.008,4.13,4.13,1562500,1357606,335254
2010-10-21,4.122,4.19,4.09,4.15,4.15,2085500,1494910,375789
2010-10-22,4.136,4.186,4.11,4.144,4.144,805500,1455291,415812
2010-10-25,4.188,4.196,4.146,4.17,4.17,592500,1424979,449093
2010-10-26,4.16,4.374,4.102,4.272,4.272,3304500,1630397,753053
2010-10-27,4.25,4.276,4.13,4.2,4.2,1782500,1670089,761981
2010-10-28,4.278,4.3,4.192,4.238,4.238,1121000,1638758,771669
2010-10-29,4.228,4.37,4.21,4.368,4.368,1403000,1633575,771149
2010-11-01,4.388,4.55,4.262,4.282,4.282,2279000,1779557,771714
2010-11-02,4.336,4.376,4.21,4.25,4.25,1612500,1832805,764072
2010-11-03,4.256,4.5,4.232,4.354,4.354,1863000,1868180,767012
2010-11-04,4.52,5.066,4.43,4.98,4.98,9370000,2600168,2439058
2010-11-05,4.974,4.994,4.744,4.888,4.888,5055000,3098316,2498088
2010-11-08,4.9,5.0,4.806,4.996,4.996,2547500,3343631,2394724
2010-11-09,5.0,5.138,4.81,4.926,4.926,4782000,3515913,2454989
2010-11-10,4.896,5.994,4.81,5.872,5.872,15302500,4885141,4325146
2010-11-11,5.72,5.82,5.466,5.608,5.608,9726500,5882614,4428713
2010-11-12,5.65,6.1,5.614,5.968,5.968,13645500,7206611,4841259
2010-11-15,6.044,6.588,6.044,6.16,6.16,13114500,8422561,4977349
2010-11-16,6.2,6.28,5.684,5.934,5.934,6738000,9056706,4591968
2010-11-17,6.04,6.15,5.722,5.898,5.898,3750000,9308820,4372693
2010-11-18,6.134,6.148,5.784,5.978,5.978,4780500,8875082,4491658
2010-11-19,6.032,6.274,5.94,6.198,6.198,5752500,8901458,4442619
2010-11-22,6.314,6.69,6.3,6.68,6.68,7648500,9414195,4062819
2010-11-23,6.658,7.136,6.438,6.914,6.914,7889000,9776169,3891518
2010-11-24,7.054,7.194,6.866,7.094,7.094,7125000,8994616,3264017
2010-11-26,7.12,7.2,6.95,7.064,7.064,1753000,8119111,3674625
2010-11-29,7.082,7.19,6.666,6.866,6.866,5728000,7239811,2969767
2010-11-30,6.748,7.066,6.682,7.066,7.066,11113000,6951731,2523561
2010-12-01,7.174,7.284,6.69,6.87,6.87,6496000,6898723,2511584
2010-12-02,6.802,6.86,6.24,6.47,6.47,10035000,7521922,2602250
2010-12-03,6.402,6.45,6.174,6.298,6.298,5800500,7686242,2556696
2010-12-06,6.27,6.29,5.912,6.062,6.062,6372000,7764624,2539652
2010-12-07,6.098,6.48,6.01,6.312,6.312,6556500,7663262,2535105
2010-12-08,6.496,6.498,6.304,6.474,6.474,3300000,7194226,2717831
2010-12-09,6.502,6.544,6.33,6.41,6.41,2030000,6637822,2990466
2010-12-10,6.41,6.584,6.226,6.304,6.304,2147000,6621582,2924322
2010-12-13,6.328,6.354,6.08,6.11,6.11,2052000,6252358,3151924
2010-12-14,6.058,6.078,5.552,5.706,5.706,8828500,5986985,2798826
2010-12-15,5.734,5.994,5.706,5.92,5.92,3714500,5682298,2804687
2010-12-16,6.0,6.182,5.93,6.162,6.162,3950500,5043379,2266553
2010-12-17,6.268,6.308,6.142,6.272,6.272,4065000,4805937,2209022
2010-12-20,6.328,6.438,6.252,6.34,6.34,2617000,4406693,2137879
2010-12-21,6.36,6.538,6.342,6.452,6.452,3888500,4099969,1941856
2010-12-22,6.45,6.572,6.34,6.526,6.526,4166500,4155946,1936497
2010-12-23,6.252,6.496,5.984,6.018,6.018,7763000,4734844,2178345
2010-12-27,5.604,5.716,5.012,5.11,5.11,46509500,9228984,12753281
2010-12-28,5.17,5.35,5.0,5.282,5.282,20281500,11501348,12990064
2010-12-29,5.406,5.602,5.3,5.546,5.546,16596000,12505334,13111993
2010-12-30,5.54,5.58,5.276,5.3,5.3,10205500,13254833,12885581
2010-12-31,5.314,5.45,5.3,5.326,5.326,7089500,13643683,12730353
2011-01-03,5.368,5.4,5.18,5.324,5.324,6415000,13917568,12600973
2011-01-04,5.332,5.39,5.204,5.334,5.334,5937000,14276956,12379595
2011-01-05,5.296,5.38,5.238,5.366,5.366,7233500,14647395,12179652
2011-01-06,5.366,5.6,5.362,5.576,5.576,10306000,15298389,11862844
2011-01-07,5.6,5.716,5.58,5.648,5.648,11239500,15711138,11738348
2011-01-10,5.634,5.736,5.61,5.69,5.69,6713500,11772813,4810942
2011-01-11,5.718,5.742,5.384,5.392,5.392,8551000,10205931,3286176
2011-01-12,5.402,5.48,5.304,5.392,5.392,4822000,8871843,2260844
2011-01-13,5.392,5.394,5.232,5.244,5.244,3618000,8079684,2379231
2011-01-14,5.23,5.316,5.122,5.15,5.15,5960000,7887518,2380030
2011-01-18,5.096,5.128,4.95,5.128,5.128,8108500,8037651,2380523
2011-01-19,5.054,5.094,4.75,4.806,4.806,11857500,8644715,2700387
2011-01-20,4.806,4.89,4.474,4.524,4.524,11399500,9122021,2906756
2011-01-21,4.624,4.718,4.542,4.608,4.608,6085000,8747652,2899698
2011-01-24,4.706,4.962,4.646,4.898,4.898,8225500,8408815,2665889
2011-01-25,4.93,4.978,4.804,4.936,4.936,6357500,8339331,2668082
2011-01-26,4.942,4.976,4.82,4.95,4.95,5399500,8017233,2708778
2011-01-27,4.948,5.016,4.906,4.984,4.984,4478500,7950673,2730867
2011-01-28,4.976,4.976,4.75,4.802,4.802,5242000,8106417,2556857
2011-01-31,4.81,4.824,4.7,4.82,4.82,4151500,7941141,2710290
2011-02-01,4.862,4.946,4.708,4.782,4.782,3539000,7467664,2881767
2011-02-02,4.832,4.836,4.734,4.788,4.788,2847500,6519316,2489248
2011-02-03,4.764,4.78,4.63,4.726,4.726,2560000,5540531,1774299
2011-02-04,4.688,4.734,4.644,4.692,4.692,2720000,5106153,1801114
2011-02-07,4.652,4.652,4.576,4.614,4.614,4475500,4687715,1307034
2011-02-08,4.756,5.05,4.6,4.898,4.898,17524500,5762571,4214289
2011-02-09,4.826,4.836,4.558,4.642,4.642,13178000,6647907,4845869
2011-02-10,4.652,4.728,4.562,4.644,4.644,4180500,6706640,4867778
2011-02-11,4.65,4.75,4.588,4.65,4.65,3172500,6505564,4941621
2011-02-14,4.728,4.828,4.61,4.616,4.616,6415500,6711856,4908373
2011-02-15,4.602,4.634,4.512,4.568,4.568,4768500,6855435,4861605
2011-02-16,4.62,4.994,4.614,4.946,4.946,20575500,8642593,6333189
2011-02-17,4.926,5.098,4.71,4.72,4.72,13092000,9874509,6245077
2011-02-18,4.666,4.698,4.592,4.636,4.636,11853500,10911050,5936882
2011-02-22,4.576,4.6,4.356,4.374,4.374,10323000,11599455,5671672
2011-02-23,4.436,4.5,4.222,4.366,4.366,8028000,10718645,5207069
2011-02-24,4.356,4.516,4.3,4.506,4.506,5276500,9840414,5178460
2011-02-25,4.562,4.77,4.538,4.722,4.722,6731500,10007691,4988061
2011-02-28,4.748,4.82,4.7,4.778,4.778,5256000,10232769,4781889
2011-03-01,4.81,4.864,4.74,4.788,4.788,5532000,10166926,4845611
2011-03-02,4.764,4.856,4.746,4.804,4.804,3316500,10015142,4992675
2011-03-03,4.896,4.958,4.812,4.872,4.872,3201000,8262514,3440302
2011-03-04,4.896,4.998,4.756,4.99,4.99,7900500,7568101,2808320
2011-03-07,4.986,5.08,4.94,4.988,4.988,10168000,7330110,2511828
2011-03-08,4.92,4.992,4.8,4.932,4.932,6999500,6973961,2185293
2011-03-09,4.932,4.998,4.854,4.944,4.944,4624000,6597946,2133257
2011-03-10,4.888,4.898,4.746,4.802,4.802,5085000,6541194,2127664
2011-03-11,4.77,4.85,4.706,4.814,4.814,4654000,6327769,2134180
2011-03-14,4.764,4.8,4.64,4.65,4.65,5830000,6363826,2123432
2011-03-15,4.44,4.592,4.36,4.59,4.59,6594000,6473632,2138403
2011-03-16,4.572,4.65,4.538,4.564,4.564,5848500,6737813,1971636
2011-03-17,4.648,4.686,4.528,4.562,4.562,4613000,6905431,1812652
2011-03-18,4.638,4.638,4.502,4.592,4.592,3439500,6476093,1900178
2011-03-21,4.61,4.61,4.508,4.546,4.546,2058500,5622209,1537559
2011-03-22,4.546,4.572,4.4,4.438,4.438,2914500,5128320,1451994
2011-03-23,4.422,4.454,4.354,4.442,4.442,2114000,4827932,1610322
2011-03-24,4.428,4.476,4.396,4.466,4.466,2311000,4520493,1681857
2011-03-25,4.486,4.6,4.48,4.55,4.55,2840000,4308349,1694834
2011-03-28,4.54,4.708,4.51,4.65,4.65,5290500,4233184,1633085
2011-03-29,4.66,4.8,4.642,4.784,4.784,3777000,3943968,1342358
2011-03-30,4.822,4.898,4.602,4.742,4.742,6116500,3941846,1381851
2011-03-31,5.31,5.742,5.3,5.55,5.55,57589000,9239234,16302765
2011-04-01,5.49,5.636,5.314,5.332,5.332,14324000,10857423,16290290
2011-04-04,5.366,5.4,5.046,5.166,5.166,13046500,12118042,16101519
2011-04-05,5.18,5.4,5.138,5.34,5.34,15904500,13543104,15926240
2011-04-06,5.398,5.402,5.16,5.298,5.298,6441500,14118360,15711562
2011-04-07,5.37,5.588,5.29,5.448,5.448,14051500,15349936,15325568
2011-04-08,5.516,5.52,5.272,5.298,5.298,9732000,16162293,14973754
2011-04-11,5.294,5.306,5.004,5.054,5.054,6847000,16399179,14892307
2011-04-12,5.016,5.042,4.86,4.93,4.93,6787000,16723867,14698563
2011-04-13,5.026,5.138,4.962,4.986,4.986,6057500,16750436,14705830
2011-04-14,4.974,5.056,4.84,5.028,5.028,4917000,11485893,4258351
2011-04-15,5.13,5.236,5.082,5.116,5.116,4717500,9998789,4035041
2011-04-18,5.026,5.124,4.872,5.006,5.006,5169500,9062378,3864641
2011-04-19,5.052,5.052,4.93,5.032,5.032,2743500,7652637,3115176
2011-04-20,5.14,5.218,5.06,5.15,5.15,4186000,7286113,3172393
2011-04-21,5.17,5.396,5.118,5.348,5.348,6930500,6537361,1961619
2011-04-25,5.34,5.346,5.194,5.278,5.278,4004500,5889736,1484166
2011-04-26,5.332,5.45,5.262,5.386,5.386,7000000,5840273,1474337
2011-04-27,5.386,5.472,5.326,5.416,5.416,4984500,5655077,1380818
2011-04-28,5.414,5.538,5.344,5.532,5.532,8000000,5830807,1614993
2011-04-29,5.538,5.574,5.484,5.52,5.52,3630000,5719680,1693255
2011-05-02,5.52,5.56,5.412,5.49,5.49,3923000,5629118,1725597
2011-05-03,5.476,5.478,5.3,5.374,5.374,4569500,5560061,1728098
2011-05-04,5.356,5.4,5.15,5.338,5.338,5222500,5801056,1553810
2011-05-05,5.44,5.488,5.234,5.288,5.288,6092500,6015805,1537861
2011-05-06,5.38,5.54,5.324,5.424,5.424,4908500,5835080,1467604
2011-05-09,5.4,5.6,5.37,5.582,5.582,4582000,5874758,1421446
2011-05-10,5.648,5.79,5.582,5.666,5.666,7676500,5946375,1515763
2011-05-11,5.64,5.66,5.384,5.414,5.414,4812500,5936337,1523662
2011-05-12,5.414,5.548,5.33,5.534,5.534,3140000,5449333,1364642
2011-05-13,5.6,5.638,5.46,5.51,5.51,3307500,5368383,1376670
2011-05-16,5.598,5.598,5.31,5.32,5.32,3778500,5345838,1383606
2011-05-17,5.4,5.4,5.144,5.192,5.192,6171000,5503733,1437383
2011-05-18,5.22,5.294,5.104,5.27,5.27,3647500,5362023,1492197
2011-05-19,5.406,5.688,5.32,5.64,5.64,13275500,6066152,2948714
2011-05-20,5.652,5.656,5.47,5.594,5.594,4212500,6066965,2984206
2011-05-23,5.524,5.524,5.324,5.364,5.364,4318000,6040646,2993031
2011-05-24,5.404,5.5,5.32,5.344,5.344,3068500,5577214,2966369
2011-05-25,5.38,5.802,5.234,5.796,5.796,23465500,7396171,6281741
2011-05-26,5.764,5.952,5.62,5.896,5.896,16684500,8932517,6796200
2011-05-27,5.908,5.934,5.764,5.91,5.91,8435500,9598951,6617810
2011-05-31,5.938,6.056,5.91,6.028,6.028,16452500,10932995,6773933
2011-06-01,6.0,6.02,5.676,5.704,5.704,7649500,11214249,6725513
2011-06-02,5.704,5.864,5.702,5.752,5.752,4931500,11370774,6616707
2011-06-03,5.99,6.3,5.9,6.026,6.026,31046000,13163477,9110026
2011-06-06,6.02,6.026,5.652,5.74,5.74,11655500,14087047,8762789
2011-06-07,5.788,5.878,5.652,5.674,5.674,6110500,14358654,8619572
2011-06-08,5.688,5.72,5.404,5.424,5.424,8479500,14926915,8143444
2011-06-09,5.486,5.62,5.42,5.524,5.524,8016000,13438791,7559357
2011-06-10,5.504,5.66,5.47,5.572,5.572,7833000,12404829,7442096
2011-06-13,5.614,5.776,5.576,5.686,5.686,8567000,12314582,7419574
2011-06-14,5.708,5.94,5.704,5.72,5.72,7867000,11447008,7240615
2011-06-15,5.688,5.69,5.414,5.464,5.464,6725000,11267800,7264416
2011-06-16,5.534,5.6,5.148,5.3,5.3,9211000,11677830,7066527
2011-06-17,5.374,5.54,5.228,5.3,5.3,8570000,9471233,1834762
2011-06-20,5.258,5.292,5.1,5.202,5.202,7689000,8853923,1287042
2011-06-21,5.248,5.546,5.2,5.506,5.506,7480000,8929142,1104602
2011-06-22,5.474,5.65,5.42,5.442,5.442,7378000,8826514,1116567
2011-06-23,5.44,5.544,5.242,5.542,5.542,5850000,8599651,1270844
2011-06-24,5.528,5.594,5.452,5.514,5.514,18042500,9597915,3345657
2011-06-27,5.546,5.656,5.462,5.492,5.492,9047000,9745741,3373337
2011-06-28,5.558,5.65,5.534,5.622,5.622,4446000,9418424,3618016
2011-06-29,5.7,5.818,5.614,5.658,5.658,7309000,9444092,3585700
2011-06-30,5.7,5.866,5.68,5.826,5.826,4733500,8998909,3745894
2011-07-01,5.814,5.92,5.76,5.804,5.804,4274500,8524840,3894530
2011-07-05,5.804,5.904,5.742,5.828,5.828,4980000,8206534,3963593
2011-07-06,5.828,5.828,5.71,5.792,5.792,4634500,7890153,4039041
2011-07-07,5.828,6.0,5.802,5.946,5.946,6639500,7784665,4033168
2011-07-08,5.978,5.978,5.718,5.762,5.762,6203000,7809416,4022467
2011-07-11,5.68,5.706,5.6,5.67,5.67,4879000,6495541,1670028
2011-07-12,5.674,5.818,5.6,5.634,5.634,5227000,5982154,1169789
2011-07-13,5.686,5.806,5.58,5.728,5.728,5330000,6019215,1103598
2011-07-14,5.706,5.792,5.45,5.522,5.522,5795000,5871521,925736
2011-07-15,5.558,5.566,5.48,5.516,5.516,3545000,5737902,1045937
2011-07-18,5.468,5.49,5.326,5.446,5.446,4259500,5723040,1039769
2011-07-19,5.516,5.622,5.508,5.578,5.578,5130500,5736604,1037478
2011-07-20,5.6,6.088,5.56,5.738,5.738,15241500,6798660,3174863
2011-07-21,5.782,5.832,5.62,5.74,5.74,5057500,6746666,3210449
2011-07-22,5.74,5.908,5.71,5.858,5.858,2917500,6412916,3343942
2011-07-25,5.802,5.85,5.688,5.698,5.698,3366500,6228291,3406441
2011-07-26,5.662,5.754,5.594,5.6,5.6,3803000,6067429,3444638
2011-07-27,5.7,5.7,5.502,5.528,5.528,4792500,5997592,3447328
2011-07-28,5.52,5.71,5.508,5.634,5.634,4693500,5880459,3449030
2011-07-29,5.56,5.68,5.5,5.634,5.634,4741000,5988345,3405210
2011-08-01,5.734,5.796,5.642,5.754,5.754,5824500,6155634,3386978
2011-08-02,5.738,5.84,5.454,5.468,5.468,7747000,6434013,3447463
2011-08-03,5.5,5.566,5.268,5.44,5.44,8972500,5834951,1908523
2011-08-04,5.302,5.378,4.934,4.95,4.95,15322500,6801545,3574504
2011-08-05,4.998,5.076,4.566,4.848,4.848,9822000,7588654,3554150
2011-08-08,4.62,4.888,4.62,4.728,4.728,13042500,8634965,3783783
2011-08-09,4.83,5.09,4.74,5.012,5.012,6667000,9025996,3590532
2011-08-10,5.088,5.088,4.726,4.764,4.764,7821000,9367949,3427132
2011-08-11,4.808,5.15,4.8,5.06,5.06,4182500,9351044,3495299
2011-08-12,5.12,5.428,5.072,5.262,5.262,5045500,9379804,3463899
2011-08-15,5.324,5.35,5.186,5.246,5.246,3693000,9169530,3678297
2011-08-16,5.226,5.308,5.166,5.22,5.22,2688500,8642653,4035349
2011-08-17,5.278,5.33,5.102,5.166,5.166,3218500,8014565,4211311
2011-08-18,5.0,5.03,4.694,4.852,4.852,5283000,6947806,3208240
2011-08-19,4.772,4.844,4.4,4.46,4.46,6876500,6546580,2957820
2011-08-22,4.622,4.76,4.336,4.39,4.39,4930500,5695258,1717783
2011-08-23,4.386,4.622,4.3,4.592,4.592,4345000,5377925,1605151
2011-08-24,4.62,4.786,4.566,4.774,4.774,3421500,4906242,1277728
2011-08-25,4.774,4.774,4.58,4.622,4.622,3399000,4780724,1291692
2011-08-26,4.542,4.79,4.414,4.746,4.746,3809000,4644522,1267715
2011-08-29,4.844,4.97,4.804,4.942,4.942,4017000,4663302,1254206
2011-08-30,4.9,4.954,4.818,4.926,4.926,1831000,4579430,1378399
2011-08-31,4.96,5.1,4.856,4.948,4.948,4119000,4661093,1343166
2011-09-01,4.932,4.974,4.768,4.8,4.8,4240500,4565009,1297808
2011-09-02,4.732,4.798,4.536,4.614,4.614,3849500,4252700,904725
2011-09-06,4.5,4.64,4.458,4.588,4.588,4049000,4133320,812986
2011-09-07,4.678,4.8,4.656,4.768,4.768,2296000,3916482,876224
2011-09-08,4.716,4.806,4.656,4.722,4.722,2528500,3805498,914695
2011-09-09,4.674,4.714,4.51,4.594,4.594,3346500,3789149,910220
2011-09-12,4.5,4.662,4.49,4.576,4.576,2833000,3689914,913692
2011-09-13,4.602,4.82,4.55,4.816,4.816,3632500,3641541,886806
2011-09-14,4.85,4.968,4.758,4.868,4.868,4154000,3869004,773824
2011-09-15,4.916,4.986,4.866,4.964,4.964,2813000,3761150,780371
2011-09-16,4.956,5.168,4.898,5.16,5.16,7085500,4034865,1349855
2011-09-19,4.99,5.162,4.764,5.154,5.154,5787000,4255986,1501737
2011-09-20,5.196,5.32,5.134,5.202,5.202,5902000,4463398,1629538
2011-09-21,5.19,5.39,5.14,5.17,5.17,4938000,4748339,1543155
2011-09-22,5.128,5.222,4.976,5.126,5.126,3879000,4911883,1446616
2011-09-23,5.098,5.324,5.07,5.276,5.276,5782000,5171788,1452976
2011-09-26,5.304,5.304,4.98,5.104,5.104,4674000,5381878,1327440
2011-09-27,5.2,5.398,5.114,5.238,5.238,3372500,5376887,1361774
2011-09-28,5.2,5.3,4.902,4.918,4.918,3616500,5322638,1397676
2011-09-29,5.144,5.164,4.71,4.824,4.824,4648000,5500713,1235734
2011-09-30,4.96,4.978,4.698,4.878,4.878,6680500,5478021,1178810
2011-10-03,4.99,5.0,4.65,4.746,4.746,5116000,5408652,1145574
2011-10-04,4.658,4.864,4.586,4.732,4.732,6001500,5411665,1151693
2011-10-05,4.806,5.168,4.67,5.074,5.074,6147500,5532916,1214347
2011-10-06,5.074,5.52,5.004,5.392,5.392,8845500,6041691,1613247
2011-10-07,5.396,5.52,5.21,5.398,5.398,6558000,6170169,1661691
2011-10-10,5.462,5.636,5.4,5.576,5.576,4617500,6177366,1669512
2011-10-11,5.502,5.554,5.418,5.522,5.522,2878500,6128686,1739622
2011-10-12,5.45,5.6,5.44,5.56,5.56,5617000,6323868,1619415
2011-10-13,5.526,5.694,5.488,5.588,5.588,5217500,6400336,1598413
2011-10-14,5.6,5.71,5.452,5.61,5.61,7002500,6440183,1622576
2011-10-17,5.572,5.6,5.452,5.484,5.484,3772500,6309818,1727469
2011-10-18,5.46,5.686,5.342,5.668,5.668,4998500,6196481,1729372
2011-10-19,5.604,5.612,5.46,5.514,5.514,3964500,5966848,1775203
2011-10-20,5.488,5.494,5.4,5.468,5.468,4998500,5559184,1328070
2011-10-21,5.48,5.66,5.402,5.606,5.606,5713000,5433918,1229392
2011-10-24,5.574,5.778,5.55,5.71,5.71,4703000,5429941,1222227
2011-10-25,5.646,5.772,5.56,5.65,5.65,3272000,5468894,1161598
2011-10-26,5.638,5.674,5.48,5.596,5.596,2552500,5166339,1332360
2011-10-27,5.668,5.79,5.622,5.752,5.752,4347000,5049033,1306554
2011-10-28,5.7,6.0,5.602,5.974,5.974,6320000,4969053,1183155
2011-10-31,5.9,5.902,5.75,5.874,5.874,5670000,5150805,1205574
2011-11-01,5.678,5.784,5.6,5.776,5.776,3176000,4986730,1282626
2011-11-02,5.8,5.852,5.65,5.742,5.742,4376500,5011523,1265695
2011-11-03,6.0,6.498,5.906,6.492,6.492,12548500,5769002,2732767
2011-11-04,6.292,6.48,6.102,6.462,6.462,15164500,6789900,4053507
2011-11-07,6.328,6.4,6.15,6.254,6.254,6331500,7054840,4038070
2011-11-08,6.274,6.4,6.144,6.368,6.368,5839500,7338084,3916905
2011-11-09,6.174,6.298,6.06,6.176,6.176,4768500,7588008,3743871
2011-11-10,6.188,6.3,6.13,6.266,6.266,3736500,7551950,3793883
2011-11-11,6.38,6.9,6.114,6.728,6.728,19341500,8850495,5330686
2011-11-14,6.6,6.708,6.524,6.644,6.644,6628500,9076199,5314787
2011-11-15,6.584,6.88,6.546,6.786,6.786,4455000,9226669,5210736
2011-11-16,6.696,7.0,6.68,6.988,6.988,9166000,9720666,5046512
2011-11-17,6.9,6.98,6.638,6.736,6.736,6746500,9189866,4923260
2011-11-18,6.728,6.822,6.508,6.52,6.52,4514000,8071736,4421531
2011-11-21,6.488,6.488,6.21,6.352,6.352,5158000,7842573,4435495
2011-11-22,6.352,6.558,6.21,6.414,6.414,3663000,7602007,4536966
2011-11-23,6.352,6.41,6.25,6.29,6.29,2259000,7327000,4705551
2011-11-25,6.31,6.482,6.216,6.332,6.332,1198000,7045650,4911014
2011-11-28,6.4,6.656,6.362,6.512,6.512,3406000,5423965,2325714
2011-11-29,6.498,6.614,6.326,6.35,6.35,2955500,4894496,2240197
2011-11-30,6.5,6.586,6.444,6.548,6.548,3801500,4776199,2233571
2011-12-01,6.514,6.798,6.396,6.52,6.52,5151000,4362869,1584355
2011-12-02,6.566,6.738,6.48,6.66,6.66,4014000,4048286,1257268
2011-12-05,6.706,7.0,6.686,6.884,6.884,5800500,4145478,1391153
2011-12-06,6.84,6.996,6.806,6.974,6.974,4759000,4115297,1358121
2011-12-07,6.926,6.978,6.76,6.838,6.838,3371500,4083129,1360826
2011-12-08,6.168,6.33,5.922,6.178,6.178,16529000,5506912,4018035
2011-12-09,6.108,6.224,6.056,6.208,6.208,6197500,6149241,3824982
2011-12-12,6.088,6.124,6.004,6.082,6.082,3793500,6252224,3814309
2011-12-13,6.114,6.186,5.782,5.89,5.89,4970500,6464022,3721072
2011-12-14,5.9,5.936,5.6,5.706,5.706,5819500,6687002,3663000
2011-12-15,5.734,5.834,5.624,5.724,5.724,3501500,6544350,3739685
2011-12-16,5.758,5.786,5.596,5.6,5.6,5148500,6643535,3695917
2011-12-19,5.618,5.7,5.474,5.55,5.55,4935000,6566903,3711192
2011-12-20,5.61,5.69,5.544,5.58,5.58,4216500,6504990,3730065
2011-12-21,5.582,5.614,5.206,5.514,5.514,8527500,7014399,3707264
2011-12-22,5.52,5.61,5.46,5.554,5.554,5047000,5917139,1528009
2011-12-23,5.6,5.6,5.504,5.58,5.58,2957000,5483363,1581673
2011-12-27,5.532,5.754,5.528,5.714,5.714,3887500,5449386,1559611
2011-12-28,5.798,5.848,5.608,5.702,5.702,2876000,5236538,1671647
2011-12-29,5.718,5.868,5.71,5.746,5.746,2441000,4877403,1742647
2011-12-30,5.698,5.796,5.65,5.712,5.712,1699000,4661240,1897405
2012-01-03,5.788,5.9,5.53,5.616,5.616,4640500,4588824,1871815
2012-01-04,5.642,5.734,5.5,5.542,5.542,3150500,4403132,1869139
2012-01-05,5.552,5.586,5.37,5.424,5.424,5027500,4465663,1892178
2012-01-06,5.44,5.558,5.282,5.382,5.382,4931500,4112316,1229532
2012-01-09,5.4,5.498,5.224,5.45,5.45,4485000,4020781,1163878
2012-01-10,5.488,5.552,5.45,5.524,5.524,3359000,4051828,1144223
2012-01-11,5.524,5.676,5.46,5.646,5.646,3361500,4002332,1145269
2012-01-12,5.696,5.724,5.562,5.65,5.65,3646500,4074433,1118015
2012-01-13,5.68,5.7,4.528,4.558,4.558,27502000,6587743,7183284
2012-01-17,5.324,5.468,5.282,5.32,5.32,23258000,8994974,8624164
2012-01-18,5.338,5.376,5.25,5.362,5.362,6301000,9401747,8589071
2012-01-19,5.438,5.548,5.322,5.352,5.352,6231500,9750524,8450062
2012-01-20,5.38,5.4,5.28,5.32,5.32,3311500,9613802,8545972
2012-01-23,5.362,5.442,5.32,5.354,5.354,2973000,9404280,8648960
2012-01-24,5.326,5.536,5.288,5.484,5.484,4290000,9363828,8655775
2012-01-25,5.454,5.602,5.41,5.594,5.594,3056000,9329482,8673524
2012-01-26,5.614,5.916,5.6,5.788,5.788,6355500,9625448,8545024
2012-01-27,5.7,5.944,5.7,5.866,5.866,3742000,9664594,8542715
2012-01-30,5.898,5.922,5.706,5.914,5.914,3645000,7282809,5874311
2012-01-31,5.98,6.0,5.774,5.814,5.814,4782000,5197030,1491219
2012-02-01,5.814,5.94,5.8,5.916,5.916,2616000,4619953,1354693
2012-02-02,5.944,6.176,5.922,6.05,6.05,4028500,4341945,1129735
2012-02-03,6.082,6.266,6.05,6.23,6.23,3822500,4365244,1103083
2012-02-06,6.22,6.38,6.21,6.36,6.36,3260500,4396324,1082207
2012-02-07,6.36,6.36,6.164,6.32,6.32,5108000,4481232,1134961
2012-02-08,6.32,6.402,6.258,6.386,6.386,3118500,4495973,1133008
2012-02-09,6.4,6.58,6.286,6.516,6.516,6385500,4500447,1139718
2012-02-10,6.452,6.454,5.968,6.22,6.22,9371000,5063794,1950221
2012-02-13,6.31,6.412,6.18,6.298,6.298,5789500,5334579,1963580
2012-02-14,6.348,6.758,6.28,6.634,6.634,9054000,5788857,2342398
2012-02-15,6.62,6.882,6.454,6.72,6.72,13809000,6953585,3302164
2012-02-16,6.7,6.902,6.508,6.836,6.836,11098500,7777058,3497688
2012-02-17,6.798,6.994,6.7,6.994,6.994,6883500,8165505,3347105
2012-02-21,6.974,6.974,6.762,6.9,6.9,5679000,8446200,3129711
2012-02-22,6.9,6.944,6.5,6.844,6.844,8273000,8790770,3024412
2012-02-23,6.798,6.994,6.712,6.906,6.906,4102000,8923577,2888583
2012-02-24,6.846,6.904,6.654,6.75,6.75,4799500,8778257,3019944
2012-02-27,6.682,6.8,6.6,6.724,6.724,3030000,8129625,3290847
2012-02-28,6.728,6.888,6.634,6.762,6.762,3061000,7791912,3491133
2012-02-29,6.762,6.824,6.628,6.682,6.682,2678500,7120591,3625820
2012-03-01,6.702,6.9,6.662,6.882,6.882,3517500,6024309,2684818
2012-03-02,6.88,6.9,6.742,6.808,6.808,2750000,5079830,1917189
2012-03-05,6.87,6.88,6.692,6.754,6.754,2335000,4530533,1801085
2012-03-06,6.65,6.656,6.524,6.622,6.622,2869000,4194603,1723612
2012-03-07,6.624,6.662,6.582,6.624,6.624,1824500,3516160,916408
2012-03-08,6.622,6.698,6.608,6.614,6.614,3166500,3354766,823507
2012-03-09,6.64,7.062,6.64,6.948,6.948,7767000,3635376,1589261
2012-03-12,6.938,7.258,6.92,7.202,7.202,9816500,4342087,2514781
2012-03-13,7.302,7.318,7.1,7.218,7.218,5008000,4607458,2522772
2012-03-14,7.2,7.2,6.96,7.058,7.058,4257500,4791895,2477999
2012-03-15,7.056,7.096,6.956,7.0,7.0,2858000,4744389,2510832
2012-03-16,6.98,7.178,6.966,7.064,7.064,3646500,4829288,2469900
2012-03-19,7.052,7.064,6.908,6.996,6.996,5078000,5112078,2382774
2012-03-20,6.996,7.04,6.914,6.992,6.992,2835000,5136957,2391191
2012-03-21,6.988,7.06,6.92,7.03,7.03,3036000,5260595,2274577
2012-03-22,6.994,7.03,6.86,6.88,6.88,2612000,5217509,2321528
2012-03-23,6.852,6.926,6.63,6.816,6.816,5853000,5021800,2130109
2012-03-26,7.118,7.618,7.008,7.48,7.48,15702500,5590830,3727452
2012-03-27,7.432,7.99,7.406,7.588,7.588,12696000,6416533,4376044
2012-03-28,7.556,7.688,7.422,7.57,7.57,4775000,6550853,4371203
2012-03-29,7.638,7.638,7.406,7.466,7.466,3982000,6676685,4307276
2012-03-30,7.504,7.588,7.336,7.448,7.448,4432000,6767818,4272198
2012-04-02,7.466,7.594,7.306,7.316,7.316,5143000,6783431,4272121
2012-04-03,7.34,7.694,7.334,7.602,7.602,5490500,7050543,4141281
2012-04-04,7.054,7.098,6.938,7.0,7.0,22409000,9014554,6167569
2012-04-05,7.02,7.088,6.882,6.896,6.896,7547000,9704455,5909558
2012-04-09,6.82,6.858,6.62,6.63,6.63,8278500,10015995,5843838
2012-04-10,6.63,6.77,6.42,6.492,6.492,9238500,9400749,5419066
2012-04-11,6.648,6.658,6.402,6.618,6.618,5527500,8622374,5264151
2012-04-12,6.754,6.896,6.584,6.688,6.688,5169500,8583987,5230260
2012-04-13,6.788,6.808,6.57,6.718,6.718,3248000,8506748,5286444
2012-04-16,6.682,6.74,6.418,6.45,6.45,5498000,8605624,5229707
2012-04-17,6.486,6.614,6.408,6.448,6.448,5577500,8658962,5211216
2012-04-18,6.418,6.55,6.306,6.532,6.532,4115500,8526796,5288744
2012-04-19,6.55,6.686,6.5,6.632,6.632,3874500,6660129,2048380
2012-04-20,6.628,6.746,6.588,6.632,6.632,4109000,6129662,1944233
2012-04-23,6.572,6.594,6.342,6.388,6.388,4454000,5694166,1695739
2012-04-24,6.364,6.44,6.2,6.364,6.364,3372500,5064016,1021562
2012-04-25,6.414,6.598,6.414,6.582,6.582,3561000,4804351,957913
2012-04-26,6.592,6.704,6.582,6.698,6.698,2126500,4474085,1093131
2012-04-27,6.72,6.726,6.582,6.668,6.668,2955000,4411758,1102593
2012-04-30,6.654,6.672,6.516,6.626,6.626,2069500,4062675,1102935
2012-05-01,6.626,6.842,6.626,6.756,6.756,3295000,3799517,873414
2012-05-02,6.7,6.878,6.678,6.788,6.788,2486500,3610301,863528
2012-05-03,6.782,6.8,6.426,6.492,6.492,4206500,3624580,885636
2012-05-04,6.464,6.492,6.28,6.366,6.366,6237500,3838858,1246210
2012-05-07,6.392,6.516,6.322,6.494,6.494,5790000,3993885,1410987
2012-05-08,6.5,6.546,5.874,6.038,6.038,15486000,5220738,3825435
2012-05-09,6.06,6.154,5.952,6.012,6.012,9739500,5961273,4077406
2012-05-10,6.594,6.936,6.48,6.592,6.592,27781500,8600827,7677675
2012-05-11,6.498,6.688,6.432,6.45,6.45,6106500,9179932,7552623
2012-05-14,6.384,6.426,6.01,6.012,6.012,6904500,9721343,7294172
2012-05-15,6.052,6.192,5.844,5.886,5.886,7928500,10238834,7080602
2012-05-16,5.916,6.036,5.776,5.836,5.836,6285500,10670483,6810693
2012-05-17,5.86,5.958,5.648,5.714,5.714,5745000,10867498,6709315
2012-05-18,5.674,5.692,5.366,5.512,5.512,8082500,11071699,6636940
2012-05-21,5.516,5.852,5.424,5.754,5.754,7376000,11250719,6556639
2012-05-22,6.02,6.268,6.0,6.16,6.16,11831000,10903121,6350312
2012-05-23,6.112,6.21,5.9,6.204,6.204,6102000,10504612,6439591
2012-05-24,6.25,6.25,5.938,6.056,6.056,5378000,8224411,2063401
2012-05-25,6.032,6.082,5.84,5.962,5.962,3785000,7764241,2193450
2012-05-29,6.002,6.386,6.002,6.338,6.338,8250000,7852774,2211457
2012-05-30,6.216,6.284,6.048,6.082,6.082,6536000,7722377,2200355
2012-05-31,6.014,6.058,5.75,5.9,5.9,5593500,7640137,2225877
2012-06-01,5.706,5.832,5.552,5.63,5.63,4429000,7500313,2322350
2012-06-04,5.606,5.682,5.422,5.576,5.576,5154500,7193531,2314172
2012-06-05,5.568,5.678,5.512,5.582,5.582,3154500,6740703,2475258
2012-06-06,5.64,5.89,5.628,5.844,5.844,4549500,5967270,1541114
2012-06-07,5.962,5.974,5.77,5.786,5.786,2460500,5525777,1697393
2012-06-08,5.772,6.038,5.63,6.016,6.016,4405500,5384377,1681724
2012-06-11,6.062,6.2,5.792,5.824,5.824,3180000,5309737,1724058
2012-06-12,5.846,5.968,5.762,5.932,5.932,2845000,4761773,1353950
2012-06-13,5.91,6.128,5.894,5.954,5.954,4220500,4475427,1092243
2012-06-14,6.036,6.13,5.724,5.878,5.878,4361000,4323542,954084
2012-06-15,5.878,5.99,5.762,5.982,5.982,3234000,4188854,945128
2012-06-18,5.988,6.466,5.9,6.368,6.368,6284000,4288335,1145613
2012-06-19,6.404,6.532,6.3,6.418,6.418,4555500,4438383,1138940
2012-06-20,6.7,6.9,6.642,6.756,6.756,17112000,5709638,4107357
2012-06-21,6.852,6.856,6.368,6.438,6.438,9459500,6536663,4181060
2012-06-22,6.52,6.796,6.492,6.758,6.758,15233000,7702116,4975446
2012-06-25,6.788,6.824,6.55,6.622,6.622,7492500,8249911,4822682
2012-06-26,6.41,6.47,6.278,6.322,6.322,13069500,9327141,4824602
2012-06-27,6.38,6.49,6.314,6.392,6.392,5236000,9536414,4763332
2012-06-28,6.38,6.422,6.124,6.282,6.282,4570500,9578291,4749210
2012-06-29,6.56,6.56,6.2,6.258,6.258,5629000,9821979,4527374
2012-07-02,6.27,6.36,6.038,6.08,6.08,6578000,9875747,4516687
2012-07-03,6.12,6.2,6.08,6.132,6.132,4735000,9899074,4500913
2012-07-05,6.162,6.334,6.16,6.246,6.246,6269000,8817107,3613943
2012-07-06,6.198,6.346,6.16,6.198,6.198,3922500,8155210,3716144
2012-07-09,6.188,6.366,6.134,6.298,6.298,4552500,7020971,2638499
2012-07-10,6.308,6.496,6.178,6.254,6.254,3792000,6537497,2658840
2012-07-11,6.314,6.336,6.202,6.302,6.302,3193000,5501499,1222061
2012-07-12,6.258,6.602,6.16,6.54,6.54,5628500,5437149,1188718
2012-07-13,6.594,6.88,6.566,6.85,6.85,6524000,5626064,1275072
2012-07-16,6.864,7.2,6.78,7.192,7.192,8720000,5954056,1686575
2012-07-17,7.0,7.042,6.476,6.67,6.67,12846500,6613705,2811861
2012-07-18,6.284,6.734,6.212,6.43,6.43,14409500,7647120,3732297
2012-07-19,6.544,6.63,6.408,6.454,6.454,7179500,7841512,3744530
2012-07-20,6.414,6.45,6.25,6.358,6.358,7842500,8252951,3600225
2012-07-23,6.21,6.26,6.124,6.132,6.132,6934000,8532245,3485577
2012-07-24,6.132,6.208,5.924,5.968,5.968,7501500,8931124,3245005
2012-07-25,5.984,5.996,5.75,5.79,5.79,14211000,10072812,3280399
2012-07-26,5.98,6.0,5.528,5.626,5.626,11311500,10755281,3138212
2012-07-27,5.742,5.932,5.62,5.902,5.902,8365000,11007628,3018026
2012-07-30,5.902,6.05,5.442,5.47,5.47,10326000,11193462,3001033
2012-07-31,5.508,5.594,5.47,5.484,5.484,7875500,10714946,2921234
2012-08-01,5.598,5.598,5.206,5.25,5.25,7961500,10022294,2441858
2012-08-02,5.368,5.37,5.104,5.22,5.22,6525500,9887629,2467633
2012-08-03,5.38,5.51,5.348,5.454,5.454,6047500,9694662,2593604
2012-08-06,5.51,5.74,5.51,5.654,5.654,7641000,9746066,2546259
2012-08-07,5.754,6.18,5.7,6.05,6.05,11936000,10194656,2670651
2012-08-08,5.98,6.0,5.718,5.818,5.818,6544500,9472865,2204308
2012-08-09,5.904,6.0,5.826,5.882,5.882,3363000,8605836,2420655
2012-08-10,5.862,5.988,5.862,5.988,5.988,3537000,8036333,2668059
2012-08-13,5.938,6.26,5.82,6.234,6.234,4350500,7381833,2544109
2012-08-14,6.15,6.234,5.852,5.884,5.884,3967000,6925533,2594678
2012-08-15,5.878,5.94,5.762,5.88,5.88,2627000,6346453,2708385
2012-08-16,5.906,6.078,5.9,6.06,6.06,3345000,5970495,2759433
2012-08-17,6.058,6.142,5.996,6.002,6.002,2541000,5582249,2859315
2012-08-20,6.03,6.078,5.82,5.902,5.902,5895500,5368874,2734575
2012-08-21,5.916,6.0,5.8,5.822,5.822,3808000,4534737,1348095
2012-08-22,5.802,6.008,5.802,5.99,5.99,3877500,4184623,1008230
2012-08-23,6.0,6.17,5.93,6.146,6.146,7355000,4548812,1458189
2012-08-24,6.012,6.048,5.882,5.9,5.9,7147000,4946231,1703705
2012-08-27,5.914,5.94,5.634,5.664,5.664,6752000,5226123,1841669
2012-08-28,5.68,5.876,5.6,5.738,5.738,7013500,5558762,1946718
2012-08-29,5.698,5.728,5.604,5.682,5.682,4194500,5748776,1814236
2012-08-30,5.72,5.748,5.62,5.682,5.682,3282000,5761477,1826630
2012-08-31,5.722,5.768,5.64,5.704,5.704,2699000,5778547,1804629
2012-09-04,5.704,5.798,5.58,5.628,5.628,3762500,5566954,1836423
2012-09-05,5.602,5.7,5.562,5.588,5.588,3196500,5484645,1877910
2012-09-06,5.6,5.78,5.58,5.71,5.71,4208500,5509514,1859508
2012-09-07,5.71,5.914,5.7,5.87,5.87,4766000,5253101,1680530
2012-09-10,5.84,5.87,5.46,5.474,5.474,7416500,5254410,1713154
2012-09-11,5.552,5.632,5.48,5.56,5.56,5074500,5086791,1584176
2012-09-12,5.58,5.716,5.56,5.656,5.656,5726000,4941279,1417759
2012-09-13,5.714,5.9,5.696,5.896,5.896,7423500,5249627,1667352
2012-09-14,6.0,6.13,5.93,6.078,6.078,7683000,5720562,1804911
2012-09-17,6.47,6.556,6.302,6.508,6.508,16064000,7104156,3565395
2012-09-18,6.376,6.38,6.136,6.268,6.268,8942500,7760515,3526343
2012-09-19,6.2,6.348,6.188,6.21,6.21,5242500,8030751,3366381
2012-09-20,6.186,6.3,6.136,6.18,6.18,4562000,8093125,3342315
2012-09-21,6.22,6.298,5.908,6.004,6.004,9350000,8557762,3279978
2012-09-24,5.902,6.206,5.88,6.132,6.132,6509500,8513526,3312080
2012-09-25,5.724,5.896,5.506,5.532,5.532,28402000,10841852,6919947
2012-09-26,5.532,5.68,5.496,5.508,5.508,7636000,11265685,6858252
2012-09-27,5.564,5.708,5.52,5.698,5.698,8793000,11445018,6822221
2012-09-28,5.746,5.978,5.722,5.856,5.856,21717000,12866351,7544006
2012-10-01,5.9,5.978,5.8,5.832,5.832,4422000,11844285,7703607
2012-10-02,5.856,5.978,5.8,5.96,5.96,3645000,11212328,7958013
2012-10-03,5.95,5.99,5.848,5.86,5.86,5264000,11151282,7947561
2012-10-04,6.0,6.02,5.73,5.88,5.88,7706500,11459628,7784673
2012-10-05,5.94,5.962,5.736,5.778,5.778,4693000,11024762,7971764
2012-10-08,5.772,5.88,5.722,5.85,5.85,4448500,10775176,8076036
2012-10-09,5.824,5.824,5.65,5.674,5.674,5965000,8506517,5140992
2012-10-10,5.678,5.744,5.602,5.68,5.68,2518000,7767851,5304520
2012-10-11,5.788,5.796,5.65,5.664,5.664,2253000,7039985,5423432
2012-10-12,5.664,5.746,5.5,5.528,5.528,4938000,5289298,1668566
2012-10-15,5.604,5.61,5.372,5.466,5.466,7343500,5406379,1800281
2012-10-16,5.534,5.618,5.468,5.612,5.612,2396500,5293237,1923945
2012-10-17,5.65,5.768,5.56,5.764,5.764,3340000,5089523,1955973
2012-10-18,5.798,5.798,5.556,5.608,5.608,3705000,4669002,1651599
2012-10-19,5.566,5.64,5.46,5.548,5.548,5137000,4671350,1658858
2012-10-22,5.598,5.6,5.472,5.57,5.57,2351000,4461835,1745166
2012-10-23,5.476,5.712,5.474,5.678,5.678,3745000,4218883,1610966
2012-10-24,5.704,5.704,5.45,5.484,5.484,5082000,4450988,1588201
2012-10-25,5.56,5.56,5.49,5.504,5.504,2888500,4537748,1533985
2012-10-26,5.506,5.56,5.404,5.476,5.476,2387000,4291324,1585968
2012-10-31,5.54,5.67,5.474,5.626,5.626,3876000,3919932,1069711
2012-11-01,5.65,5.898,5.64,5.85,5.85,5120500,4155193,1088773
2012-11-02,5.854,5.91,5.71,5.784,5.784,5151500,4359869,1160361
2012-11-05,5.96,6.316,5.866,6.3,6.3,10244500,5034286,2213521
2012-11-06,6.122,6.24,5.99,6.23,6.23,11620000,5750028,3073132
2012-11-07,6.2,6.41,6.162,6.308,6.308,8572500,6443752,3066263
2012-11-08,6.202,6.376,6.188,6.262,6.262,6370000,6775625,2998625
2012-11-09,6.12,6.186,5.97,6.064,6.064,4315000,6732112,3041303
2012-11-12,6.058,6.284,6.032,6.214,6.214,2779500,6716861,3051841
2012-11-13,6.258,6.4,6.144,6.322,6.322,4991500,6975786,2831509
2012-11-14,6.392,6.424,6.24,6.276,6.276,4356500,7049728,2800060
2012-11-15,6.26,6.288,6.1,6.164,6.164,4920000,7037072,2811354
2012-11-16,6.23,6.4,6.118,6.368,6.368,4543500,6975007,2842316
2012-11-19,6.414,6.65,6.368,6.584,6.584,6962000,6640550,2536019
2012-11-20,6.56,6.62,6.382,6.6,6.6,4612500,5906355,1687917
2012-11-21,6.522,6.694,6.458,6.494,6.494,4816000,5457285,1234902
2012-11-23,6.52,6.566,6.34,6.426,6.426,2151500,4990528,1344318
2012-11-26,6.42,6.46,6.324,6.454,6.454,2479000,4760252,1452401
2012-11-27,6.426,6.532,6.304,6.43,6.43,4554000,4914675,1358145
2012-11-28,6.4,6.858,6.382,6.646,6.646,7626000,5193567,1665967
2012-11-29,6.688,6.8,6.574,6.738,6.738,5517000,5337506,1686604
2012-11-30,6.726,6.856,6.602,6.764,6.764,7101500,5570050,1825522
2012-12-03,6.778,7.0,6.7,6.924,6.924,10428500,6181805,2427934
2012-12-04,6.816,6.96,6.71,6.78,6.78,6316500,6178430,2414875
2012-12-05,6.764,6.838,6.716,6.742,6.742,3307500,6047593,2496365
2012-12-06,6.764,6.96,6.7,6.78,6.78,3302000,5883109,2570600
2012-12-07,6.86,6.898,6.77,6.834,6.834,3322000,5983710,2445337
2012-12-10,6.886,6.96,6.836,6.914,6.914,4649000,6210771,2269294
2012-12-11,6.92,7.1,6.892,7.056,7.056,7863000,6564377,2337175
2012-12-12,7.042,7.16,6.99,7.052,7.052,10319000,6869037,2658301
2012-12-13,7.052,7.06,6.55,6.722,6.722,10756500,7423453,2974774
2012-12-14,6.756,6.88,6.718,6.762,6.762,5115000,7280245,3023026
2012-12-17,6.754,6.9,6.75,6.88,6.88,4124500,6635524,2790877
2012-12-18,6.852,7.014,6.852,6.918,6.918,7769500,6716352,2829866
2012-12-19,6.95,7.052,6.904,6.922,6.922,6494000,7043085,2680149
2012-12-20,6.902,6.958,6.81,6.886,6.886,4606000,7206158,2565283
2012-12-21,6.788,6.834,6.716,6.8,6.8,7462000,7636465,2348098
2012-12-24,6.728,6.87,6.71,6.856,6.856,1879000,7402496,2742960
2012-12-26,6.792,6.9,6.7,6.718,6.718,3007000,6893499,2902070
2012-12-27,6.7,6.782,6.6,6.738,6.738,2805500,6091249,2677707
2012-12-28,6.676,6.73,6.604,6.644,6.644,2070500,5142424,2134040
2012-12-31,6.6,6.794,6.6,6.774,6.774,2974500,4833492,2147294
2013-01-02,7.0,7.09,6.942,7.072,7.072,5974000,4987549,2194510
2013-01-03,7.036,7.09,6.95,6.954,6.954,3710000,4597004,1913913
2013-01-04,6.96,6.96,6.784,6.88,6.88,3370000,4245550,1734103
2013-01-07,6.96,6.96,6.78,6.868,6.868,2210000,3970805,1760594
2013-01-08,6.9,6.9,6.622,6.736,6.736,6420000,3839130,1535837
2013-01-09,6.802,6.838,6.68,6.728,6.728,3490000,3987063,1441692
2013-01-10,6.774,6.798,6.676,6.706,6.706,4612500,4162406,1459663
2013-01-11,6.808,6.808,6.422,6.582,6.582,7816000,4680990,1855843
2013-01-14,6.616,6.676,6.57,6.652,6.652,4625500,4988349,1719382
2013-01-15,6.622,6.85,6.616,6.78,6.78,8121000,5533734,1943896
2013-01-16,6.77,6.846,6.746,6.82,6.82,6891000,5679973,2020898
2013-01-17,6.832,6.97,6.784,6.876,6.876,7183500,6041947,2049923
2013-01-18,6.948,6.956,6.764,6.904,6.904,17775500,7518694,4106042
2013-01-22,6.912,7.11,6.852,7.038,7.038,9601000,8405469,3875831
2013-01-23,7.004,7.248,6.992,7.2,7.2,7821500,8634296,3872244
2013-01-24,7.2,7.544,7.168,7.398,7.398,9852000,9293379,3633171
2013-01-25,7.4,7.508,7.36,7.396,7.396,6439000,9541937,3496259
2013-01-28,7.372,7.742,7.372,7.606,7.606,9930000,9778193,3512271
2013-01-29,7.62,7.688,7.426,7.59,7.59,7133000,10052569,3292723
2013-01-30,7.57,7.6,7.486,7.504,7.504,4840500,9751956,3534224
2013-01-31,7.574,7.574,7.386,7.502,7.502,4507000,9483495,3718537
2013-02-01,7.634,7.7,7.524,7.66,7.66,5503000,9288599,3804643
2013-02-04,7.68,7.684,7.518,7.548,7.548,5640000,8055559,2189238
2013-02-05,7.6,7.73,7.536,7.626,7.626,6551000,7627255,1976564
2013-02-06,7.636,7.878,7.58,7.834,7.834,9466000,7748875,2100443
2013-02-07,7.838,7.936,7.79,7.896,7.896,5983000,7374137,1886847
2013-02-08,7.89,8.0,7.828,7.848,7.848,5699000,7262663,1891170
2013-02-11,7.596,7.83,7.5,7.684,7.684,16331500,7891666,3406969
2013-02-12,7.69,7.774,7.458,7.578,7.578,11306500,8371916,3639140
2013-02-13,7.66,7.8,7.61,7.69,7.69,4834000,8419291,3650344
2013-02-14,7.728,7.75,7.642,7.654,7.654,4953500,8468679,3616118
2013-02-15,7.7,7.702,7.39,7.408,7.408,10088000,8932117,3609594
2013-02-19,7.472,7.858,7.462,7.856,7.856,13507000,9765161,3851302
2013-02-20,7.86,7.93,7.692,7.708,7.708,15610000,10754366,4262520
2013-02-21,7.298,7.478,6.908,7.032,7.032,45189000,14425586,11445346
2013-02-22,7.144,7.278,7.12,7.222,7.222,12736500,15468058,11228287
2013-02-25,7.23,7.35,6.868,6.876,6.876,14447000,16447105,10895205
2013-02-26,6.892,6.992,6.76,6.886,6.886,13814500,16293310,10902645
2013-02-27,6.882,7.082,6.88,7.02,7.02,9796000,16126881,10955926
2013-02-28,7.178,7.22,6.874,6.966,6.966,9824500,16609288,10610119
2013-03-01,7.0,7.016,6.85,6.93,6.93,7733000,16935478,10384840
2013-03-04,6.954,7.166,6.94,7.116,7.116,8788500,16838147,10462040
2013-03-05,7.2,7.384,7.158,7.33,7.33,10435000,16521214,10548786
2013-03-06,7.402,7.576,7.394,7.538,7.538,5750000,15503521,10881055
2013-03-07,7.546,7.73,7.376,7.646,7.646,5791500,11462002,3292645
2013-03-08,7.612,7.888,7.472,7.694,7.694,4560500,10240250,3338971
2013-03-11,7.774,7.888,7.73,7.82,7.82,7897500,9463125,2780717
2013-03-12,7.78,7.876,7.77,7.824,7.824,6375500,8641512,2135938
2013-03-13,7.8,7.898,7.762,7.796,7.796,4110000,7990751,2221307
2013-03-14,7.78,7.782,7.354,7.37,7.37,10105000,7953725,2232578
2013-03-15,7.328,7.33,7.042,7.058,7.058,16398000,8816522,3569058
2013-03-18,7.06,7.212,6.984,7.03,7.03,6580500,8682002,3603163
2013-03-19,7.05,7.12,6.988,7.016,7.016,5492500,8174300,3543084
2013-03-20,7.052,7.214,7.032,7.19,7.19,7115000,8260030,3494386
2013-03-21,7.19,7.412,7.148,7.202,7.202,5731500,8262603,3499280
2013-03-22,7.24,7.36,7.24,7.324,7.324,2201000,8026910,3755485
2013-03-25,7.42,7.704,7.354,7.506,7.506,11894000,8402991,4007462
2013-03-26,7.596,7.644,7.532,7.572,7.572,9041000,8707149,4013482
2013-03-27,7.588,7.676,7.462,7.632,7.632,6481500,8974714,3858026
2013-03-28,7.646,7.648,7.55,7.578,7.578,5793500,8570321,3857360
2013-04-01,8.472,9.336,8.34,8.786,8.786,70492500,13939332,19301920
2013-04-02,8.72,9.1,8.702,8.868,8.868,33262000,17144383,20078554
2013-04-03,8.62,8.694,8.042,8.22,8.22,28218000,19737438,20099789
2013-04-04,8.222,8.45,8.162,8.402,8.402,11324000,20417643,19934140
2013-04-05,8.4,8.4,8.1,8.274,8.274,7762000,20688714,19820486
2013-04-08,8.394,8.51,8.302,8.366,8.366,8395000,21335221,19391822
2013-04-09,8.36,8.366,8.066,8.1,8.1,8480500,21058522,19554954
2013-04-10,8.14,8.402,8.122,8.372,8.372,10605500,21187302,19478360
2013-04-11,8.412,8.91,8.35,8.718,8.718,17237000,22275730,19046481
2013-04-12,8.65,9.028,8.61,8.75,8.75,15747000,23379923,18535495
